sequence_id	junction_aa	pgen	log10_pgen	duplicate_count	duplicate_frequency_percent
Patient25_Base|sequence1	CAISDLAGDYNEQFF	6.546683603689637e-10	-9.18398	212	0.0551939599062744
Patient25_Base|sequence2	CASSFGGTEAFF	4.6284525311237886e-07	-6.33456	214	0.0557146576412392
Patient25_Base|sequence4	CASSLGQGHEKLFF	7.347049362770653e-08	-7.13389	305	0.07940640458214
Patient25_Base|sequence6	CASSQRTGGIYEQYF	5.031009193937039e-09	-8.29834	370	0.0963290809684978
Patient25_Base|sequence12	CASSSSGTPNSPLHF	2.4184083372443567e-09	-8.61647	26	0.006769070554543
Patient25_Base|sequence13	CASSRTRGETQYF	1.2718666288187274e-07	-6.89556	30	0.0078104660244727
Patient25_Base|sequence14	CASSVETGGTGELFF	7.985657505836814e-09	-8.09769	45	0.0117156990367091
Patient25_Base|sequence15	CASSLRAVNPQETQYF	3.2971245169195334e-11	-10.4819	48	0.0124967456391564
Patient25_Base|sequence17	CASSLEETQYF	1.211860126028893e-06	-5.91655	60	0.0156209320489455
Patient25_Base|sequence18	CASGLRAQKEQFF	4.477926235658802e-12	-11.3489	73	0.0190054673262171
Patient25_Base|sequence19	CASSSEHEQYF	9.602216013319284e-08	-7.01763	80	0.0208279093985941
Patient25_Base|sequence20	CASSPNQGQGGADTQYF	1.3675207486491557e-11	-10.8641	80	0.0208279093985941
Patient25_Base|sequence22	CAWSRRQYLTNTEAFF	1.7893490043227361e-13	-12.7473	82	0.0213486071335589
Patient25_Base|sequence23	CASSPERALEPYEQYF	1.0144215092697816e-11	-10.9938	85	0.0221296537360062
Patient25_Base|sequence24	CASSHRPGLGNEQFF	1.3878416751805623e-09	-8.85766	98	0.0255141890132777
Patient25_Base|sequence25	CASSEGLGGDTQYF	1.2403059739502342e-08	-7.90647	103	0.0268159333506899
Patient25_Base|sequence26	CASSIGGSSSYEQYF	1.5134561286545663e-08	-7.82003	105	0.0273366310856547
Patient25_Base|sequence27	CASSQDPGAGYGYTF	1.1734652619874332e-08	-7.93053	106	0.0275969799531372
Patient25_Base|sequence28	CASSFRDLLGLCEQYF	2.102993488117652e-13	-12.6772	118	0.0307211663629263
Patient25_Base|sequence29	CASSFAIAGGLHEQYF	2.5158216963089778e-12	-11.5993	120	0.0312418640978911
Patient25_Base|sequence32	CASSPPGLAGLSYNEQFF	4.731163693126601e-09	-8.32503	150	0.0390523301223639
Patient25_Base|sequence33	CASSPGTVGTEAFF	2.7346895610009315e-08	-7.56309	172	0.0447800052069773
